monthly_income,current_savings,existing_loans_debts,best_investment_plan,Cluster_KMeans,Cluster_DBSCAN
-1.1661788090560037,0.715403220276706,1.65310757717803,0,1,0
-1.6895133232592483,0.9396579686140948,0.7213812829205201,2,1,0
0.9721866900570204,1.3950273506977922,-0.8379209168949661,1,2,0
0.2036015387658272,0.1535765117300596,-0.9116117498201776,1,2,0
-1.5001177391100324,-0.0734975587896319,-0.7819325843438564,0,2,0
1.167223844797915,-0.7296250115181091,0.2732728251410263,0,0,0
-0.4163404917185254,-1.5218615232654886,0.7653035244147537,2,1,0
1.346352471286498,-1.584068052802737,0.9153155146132153,0,0,0
-0.1732623849205402,-1.385647786442788,0.6915431061893297,2,1,0
0.3920159802034467,-0.1299607661584762,-0.1383242256168825,3,0,0
-1.1581895041187191,-1.742815431523102,0.7931376444998194,0,1,0
-0.2798214915621249,-0.2899293859231552,0.4694824961506756,2,1,0
0.6358299440351292,1.401963999829498,-0.1709388558265582,3,0,0
0.5516969565157458,-0.7024227395710377,1.0085946095482916,0,0,0
-1.6927020370719363,1.5165652594279604,0.4041488577810052,0,1,0
0.3735144319276306,1.652618490284837,0.2477837296731274,1,0,0
0.486345843761206,-0.3823529081568684,-0.5440134843867361,4,2,0
0.5553762416842319,-1.6603014080489682,-1.7889014637213203,4,2,0
0.6620404707592019,1.4235485629727231,0.225286802114373,1,0,0
-1.533546672926564,0.5792453116160311,0.0108457824490057,0,1,0
1.1923831471881348,-1.316392951449782,0.3930569609271065,0,0,0
0.1622884224453969,-1.396966946293519,-0.429531748476861,3,2,0
1.26950797248183,-0.8124809824846507,-0.9750039583139144,4,2,0
-0.7142224271213902,0.6422334354216408,1.0297554993429627,0,1,0
0.800907205261208,-0.50368146127944,-0.9513101635915024,1,2,0
1.5397076670932277,-0.1587471622030297,-1.6301634768761906,1,2,0
-0.8205712888962042,1.49704633827969,-1.1858543764883085,3,2,0
1.2405292216786106,-0.1620131096815391,0.4520583369774245,0,0,0
-1.073811230921437,-0.1682239927069094,-1.6880654051831483,3,2,0
-1.623391312659883,-1.039143320309402,1.0327546257821287,2,1,0
0.3530155574174935,-1.0032458121268122,-0.3108122677840346,1,2,0
0.5834088905869836,-0.5777026256053986,-0.3131781679912652,3,2,0
1.246696404437216,1.3743499951874862,0.8899447141556779,0,0,0
-0.466133484332038,-1.7418175031268903,1.215485624140585,2,1,0
0.6433286776166153,-0.2283160306074308,0.8872378459774052,0,0,0
0.2736831610227063,0.7191785997337008,0.9953386098577792,2,0,0
0.6211828849834414,0.0113263548883191,0.1698760275550285,1,0,0
-0.6140757889163099,-1.336107271165143,0.9909199432942748,0,1,0
-1.320393418832266,-0.7763810972147173,0.603218484629395,2,1,0
0.7013913016564396,-0.949734518825082,0.0801596999908405,3,0,0
-1.5833396655400764,1.420352400696746,0.3226435956419116,0,1,0
-0.2617404330198501,0.386010085804228,0.3745403125405165,0,1,0
1.6539407113719404,-0.1736602599841718,0.2602812495913219,3,0,0
1.084948020268339,1.3375243438112172,1.0253298742494374,0,0,0
1.3398699212277367,-0.1875126226868236,0.5073090653462798,0,0,0
-1.347269720967779,0.7207487667906765,-1.0827637542232464,2,2,0
-1.4115696093884658,-1.6480820190855712,-0.9107488920975404,2,2,0
0.8722853375298393,0.2138988407989373,-1.2178496975260913,1,2,0
-0.2128585014956769,0.4892014647886676,-0.7752732711135044,1,2,0
0.9627957526745988,-0.9072841801247138,-0.1166692801907014,3,0,0
-0.8822781572933862,1.0388297199326766,-1.4080193644772814,1,2,0
0.6683127759511927,-0.7446218515422899,-1.1831614253700782,1,2,0
-0.8967850531005602,1.161735418632477,-0.2326401415251276,1,1,0
-0.0182418364883236,1.1784280390781914,-0.7965524559185372,4,2,0
-1.118383142676812,1.169551361316089,0.4664833697115098,2,1,0
1.086314611902348,-0.960865258628976,-0.0929476513482042,3,0,0
-0.4609824850961574,-1.03476778811063,0.1365933784633112,1,1,0
1.5064539373323385,1.357120028682273,-0.8363204549900748,4,0,0
0.6323258629222852,1.5539003427827147,-0.1854265153308349,3,0,0
0.7149520955631457,0.8819525846401762,1.4172760362272898,2,0,0
1.415628154887423,1.1446101299310627,-0.7471677683576093,4,0,0
-1.037859358703658,1.4611697656578595,1.640227338108666,0,1,0
0.6125628454458453,0.1309381920285973,0.0067124156163734,1,0,0
0.9851167493634146,-0.8491810204963616,0.2218353712238249,1,0,0
1.046928740193982,1.548366376221907,-1.2319546378791983,1,2,0
0.137339364921948,-1.5465375708808926,1.577489231436928,0,0,0
-0.2914900816678953,0.8662160214691537,-0.1131273884098768,3,1,0
-1.3800328793728702,-0.3347594000298732,-0.9980436512143276,0,2,0
-0.116250985214569,-1.188972150146145,0.823372457442222,2,1,0
0.8176216721694736,-0.9747874065341602,-1.253428661524827,4,2,0
0.775642780437603,0.9411095008267656,-0.3079383948852515,3,0,0
0.5824277478753873,-1.637942229157635,-0.0693512760460897,3,0,0
-0.4208607563540941,-1.812935603027508,0.8546719254778784,0,1,0
1.507364998421678,-0.8146024526416312,0.1818029480114792,3,0,0
-0.5771077331758061,1.4946457273125804,0.5418372913118038,0,1,0
-1.3154877052742846,-0.6765952361138516,-1.2354199858297892,0,2,0
1.5974198830217676,0.7470926807466012,0.9672052729817988,2,0,0
-0.3041047736741335,-0.786046347765434,1.5427940007508936,2,1,0
1.4826261857649996,-1.0638054108842996,1.6414172467423025,2,0,0
-1.6840469567232117,0.9875515531119784,-1.5019734368244206,0,2,0
1.4266309695817532,-1.7111608636544728,0.321766820859232,0,0,0
0.2283053106113771,-0.2217283074883863,0.9388075119650108,2,0,0
1.4274369082377072,-1.49232842555384,0.8155649867583611,0,0,0
-0.905054684526872,-0.1202396874457336,0.5675629768004258,2,1,0
-0.8681567104086251,-0.9659177072923112,1.2276213004976737,0,1,0
0.8756492553981695,0.6031118508820609,-1.2997794299964822,4,2,0
1.1816606589828322,-0.2047705032730493,1.5268937596522998,2,0,0
-1.3948901832913283,-0.5059215662807253,1.5405394370240033,2,1,0
1.3221392707967463,0.5116862570445588,0.7259321615544283,2,0,0
-1.2926761372296705,0.4066246346322549,-0.9723457998457908,2,2,0
0.5125914112964073,-0.4030372421874276,-0.1936932489960994,1,0,0
1.32115812808515,0.5370671352055386,-1.6640306424896942,4,2,0
-0.3495877465188481,1.5847035311804505,-1.2034803330321762,3,2,0
-1.419313628647851,-0.1711479926930108,-0.072336485425213,0,1,0
-0.3865558022593518,1.0154167844831063,0.387664100160625,2,1,0
0.0749316803021971,-0.7901497176743304,1.4741759362111853,2,0,0
0.4258303629423909,-0.6361756468071718,-1.4623585254133509,1,2,0
-0.003209328514223,-0.3866935477543745,-0.0824611466061557,1,2,0
-0.2908943878787118,-0.5824689549383514,-1.1640950531118082,1,2,0
-1.6296636178518735,-0.5590420624482748,-1.6427375406246192,2,2,0
0.4736260293215824,-1.4919585639804192,-0.5298876684435654,4,2,0
0.6478139014410556,0.0642933236102976,-1.0992693874336903,4,2,0
-1.6252134348385618,1.4852526390517395,-0.2260782477150733,0,1,0
-0.031031732550204,1.2697908262334143,-0.5266380349236339,4,2,0
-1.535403835916371,0.6411517647823909,0.9860976819895372,0,1,0
1.3477541037316356,0.7973170910090622,1.0302147623243665,2,0,0
-0.33539621801183,-1.4355442062533474,-0.1736387654748096,1,2,0
-0.557730164621779,0.424329140514687,-1.1586673996952204,1,2,0
-1.229567636387351,-1.1923916250702251,0.4380577745746364,2,1,0
0.4479060739533078,-0.0858565181580936,-0.7311840248987603,1,2,0
-1.275821507076891,1.1526144926615118,0.4328040844085803,2,1,0
-0.364970662604233,0.3709643961382747,0.9264422041172202,0,1,0
-1.5948680924013332,-0.4199113041597259,0.7662638015576885,2,1,0
-0.7786624787865905,1.2423582631179866,-0.9296552181653212,1,2,0
0.5406591010102874,0.2031728551697304,1.0118094504181168,2,0,0
0.1112690014423889,1.0886842686217166,0.8250564217073685,2,0,0
-0.9255535590370092,0.2106608074014409,-0.3010703257542615,3,1,0
-1.4255859338398416,-1.3775317673882872,-0.9457433395744892,0,2,0
-0.6496772530228044,1.3358983485922158,0.1969795019878612,1,1,0
1.034664456299028,-0.3437058629945078,1.646496973657827,0,0,0
0.1114442054980311,-0.7427585866346788,-1.4076296867960905,4,2,0
1.4037142791037536,-0.6536777756022604,-1.5046663879426507,1,2,0
-0.4854409712638082,-1.250103987564397,0.1579769412186629,1,1,0
0.9915642586110476,-0.0356390864158857,-1.6003113830849578,1,2,0
1.0687241247158714,0.3998694270271331,-0.3572813312660517,1,0,0
1.6566738946399588,1.4241836083157666,1.1990704518204174,2,0,0
1.2465912820038307,1.220515494725392,0.7237889343078783,0,0,0
0.499661351990013,0.7559065518264245,1.408689210181047,2,0,0
-1.3354259268063666,-0.1803456823867614,-0.4571153614811611,2,1,0
-0.8598169973600565,-1.6813974747744678,-1.2922363834534294,1,2,0
0.7539525183490989,-0.4019695285886842,0.6144843447338253,0,0,0
-1.4354674425780616,-1.5879271745027708,-0.8828799793623684,2,2,0
1.0594032689557065,-0.5268152559188812,-1.1954849820377411,1,2,0
-0.7642256646016734,0.0003282069692363,-1.1436230577892426,1,2,0
0.1372342424885627,0.9704471999713238,0.4229925570785946,0,0,0
1.1869167806520982,1.6476009342227682,1.5696748022230458,2,0,0
-1.477516415932189,-0.860479244786333,-1.1633992001096816,2,2,0
1.4684346572579816,1.6060089535135469,1.379205918480941,2,0,0
-1.712430013737248,1.0431354669289163,-1.6082371487791802,0,2,0
1.330794351145471,-1.0216342129940603,1.0695026228244366,2,0,0
1.3603337549267456,1.5645774787701492,-0.3417498922585851,1,0,0
-0.8990276650127803,1.2311298240305475,0.4746666010165191,2,1,0
0.0546780914699591,-1.177478527289083,-1.0474352973052767,4,2,0
0.0329177477591981,-0.8838363520738775,-0.4618749960157073,1,2,0
0.1819463174884515,1.6745798935217364,-1.3932672808321966,1,2,0
1.36180546899414,-0.5595375373862538,1.5722981680410633,2,0,0
-1.0839730661486844,0.8581907231779448,-0.202746296553767,3,1,0
1.0960909982071827,0.9205438016405112,0.1883509247614909,3,0,0
0.8001363074163823,-0.1318030955053276,-0.798848770825555,1,2,0
0.2441787980525602,-0.1390886706496946,0.2100545798978208,3,0,0
0.6355846583572301,-1.587655012212895,-0.916510554955149,4,2,0
-0.5343229027879814,-0.1528921837105739,1.0464420543339596,0,1,0
0.2363296563597897,-0.6262940621286051,-0.1213384538349711,1,2,0
0.4747122944665641,-0.1997459686907272,-0.3428075888218176,1,2,0
1.1443772359421724,0.4505683766668134,0.8921575267024406,0,0,0
0.9241807788110584,-1.1711699449801678,-0.671389376426018,4,2,0
1.554074399655888,-1.501686621213415,0.0096280396952841,3,0,0
-0.9382733734766326,0.1791737240188892,-1.7968133123555,1,2,0
-0.1923946677966682,0.9077521740163494,-1.7375892633445016,1,2,0
0.5245052870800767,0.5167666197889067,0.7734380460096142,0,0,0
-0.2284166216367041,0.6729179889750716,-0.0611471691510166,3,1,0
0.0001545893541071,0.6135028675391131,-1.1641576798819997,4,2,0
-1.6252835164608186,-0.8143582044327683,-0.004323812997355,0,1,0
1.609333758805437,-1.1263957590354754,-0.5928275724859201,1,0,0
1.6183042064543176,-1.7067713744151942,1.1698167916110134,0,0,0
0.7038791992465588,0.2232640149787654,-1.44553975835195,1,2,0
-0.8107248209691127,1.336672964340324,-1.4637919825977317,3,2,0
-0.0052767363708009,-0.2715479635761603,0.1305881670549583,3,1,0
-0.2149609501633833,0.7049912680588941,-1.6212148072688422,3,2,0
-0.954567350651357,0.8568857398905917,-1.5425625424384677,3,2,0
-1.0872669023947577,0.6687657694244027,0.5211495815585788,0,1,0
-0.8049080463217917,-1.0392759121942132,-1.8052122580911687,1,2,0
0.9352536751276452,-1.436925953263486,0.2937517789936134,0,0,0
-1.1692624004353065,0.5412123762359543,1.4681220150926837,0,1,0
-0.9495915554711186,-0.401313547684881,-0.5249053609483386,3,2,0
-0.1686720386627146,-1.2672362547860645,0.4337782786115576,2,1,0
-0.8865180954399274,0.1284608173387024,-0.8041024609916112,1,2,0
-0.6656208220862445,0.7510495017301798,0.3376253107776982,2,1,0
0.6225494766174505,0.0561005408330114,0.7176932620092489,2,0,0
0.4309112805560146,1.370469937926693,0.9334424853186144,0,0,0
-1.4822118846234,0.4818600614822748,-0.0525742601648164,0,1,0
1.5316833213448149,0.8927902265934349,0.8762294514837617,0,0,0
0.2081568442125243,0.3361206445139217,0.6934358263551141,2,0,0
-1.38767177619887,0.1375119581071354,0.0131560144160662,0,1,0
0.3145757876095953,-0.7457942429448317,0.6478713717758616,0,0,0
-0.950187249260302,-1.4331924449280105,0.8598421132836793,2,1,0
-1.5258727352894357,1.493480314430292,-1.2364289726828728,2,2,0
1.6041827595695564,-0.7669670733931166,-0.0847992126933012,1,0,0
-1.588315460720315,1.1086637721067,0.3851799049430329,0,1,0
1.6969708274376645,1.5412831781648837,0.2875308531546012,0,0,0
-1.2450206340949923,-1.347084483523466,-0.4737532067620091,2,1,0
0.6000182350618639,-0.0754585229807882,-1.4041921729655849,4,2,0
-0.5014195811383767,-1.3461005121677614,1.627249679619004,2,1,0
0.8569024214444544,-1.2020498971006888,-0.618915101535648,1,2,0
1.5586647459137133,-1.072654174565389,1.461316572731885,0,0,0
0.4208896085732809,-0.1708200022411092,-0.3358073076204236,1,2,0
1.6386278769088125,-0.9549474734542412,-0.0624553727950147,1,0,0
0.6925610172520729,0.0527020014696907,0.4571450224229702,2,0,0
0.1860110515793505,0.3930095416182128,0.0139005771283417,3,0,0
0.0676081507763532,1.4507508349197946,-1.0851505300205406,1,2,0
-0.0875876017115055,0.2829024490628272,1.4499393761471144,2,1,0
-0.3406873804922244,1.5301175457597236,-1.2886805746125622,1,2,0
0.4529869915669315,1.4803467393137222,0.5650996571728975,2,0,0
1.1961325139788777,-1.7982946675362417,0.0151044028220208,1,0,0
0.1281586724062968,0.206292253722922,0.0903400294119533,1,0,0
0.5691472804577087,-0.7250889733535129,-0.9763330375479764,1,2,0
1.4155931140762947,-1.0344397976587285,1.0820558109828011,0,0,0
-0.8904426662863126,-1.6280397089183083,0.2161224180763652,3,1,0
0.6341129442898357,-0.3357084787843118,0.5147964436491625,2,0,0
1.2804056647427748,0.5835440800920177,0.4933502541236194,0,0,0
1.5483977882530806,0.2199422393382303,0.7604116778098035,0,0,0
-0.7827972944997463,-1.6688361383186625,1.6310142443605091,2,1,0
1.581511354769456,-1.4484474902015607,-1.250986217487362,4,2,0
-1.689723568126019,1.5977952351755007,-1.0128861957496889,2,2,0
1.4369680088646428,-0.9865252776000848,1.4972712973517686,2,0,0
-0.3662671726159853,-0.921304027313443,-1.277261626847664,1,2,0
-1.4606267449682813,-1.571381102982374,1.0509024720775917,2,1,0
0.2314239428018082,-0.5422796568000281,-0.5571233549468021,1,2,0
-0.0826468473423955,1.1236536336106275,0.9660084058181412,0,1,0
1.3321259019683516,0.5484630587790551,0.3520573020418047,2,0,0
0.0624921923516011,0.7668628286239879,-0.0179973244891435,3,0,0
-0.7977597208515901,-0.3153102640841349,-0.0001626120446377,1,1,0
1.3448457164079752,-1.412745380586061,1.570704664666193,2,0,0
0.5136426356302605,0.6147590011846936,-0.4892428945893481,1,2,0
0.749572416958044,-1.6874897229555332,1.572632177482084,0,0,0
0.1256707748161776,-1.1797884174929008,0.4821539793194017,2,0,0
-1.2750506092320653,-0.9618422514644276,-0.8946468536283299,2,2,0
-0.831644185212791,1.6002028246628632,-0.0559630642851731,1,1,0
-0.4176370017302777,0.345953379550716,-0.9122380175220914,1,2,0
0.6583261447795874,-0.734984515072586,-1.1972663657231852,4,2,0
0.1053821451728111,0.4514267346579601,-0.4348828580632148,1,2,0
0.5836892170760111,1.318172907149024,1.120967910861723,0,0,0
1.400560606102194,-0.0991505992404874,-0.4495166466979381,1,0,0
-0.5038023562951106,0.4220611214323889,-1.5117432129742787,3,2,0
1.105446894778476,1.5241718465039755,-1.7948022971793542,4,2,0
-0.9252381917368532,0.1334295237589987,1.613527458417067,2,1,0
-0.8371806333710845,0.3474467828849061,-1.1891457611883671,1,2,0
1.5526026855884931,-1.3795555382617224,0.5290057619525885,0,0,0
-0.2441849866445019,0.3945169019929094,0.0284926145829374,1,1,0
1.3009395800640404,0.5323217414333455,0.0732637967397655,1,0,0
0.0906650044988665,-1.388718335354207,-0.4734470314410734,1,2,0
-1.1692273596241778,-0.1329824654281227,0.6536887028736403,0,1,0
1.5008123667406597,-0.6690514557201153,0.0720599710460864,1,0,0
0.0257694222889964,1.4889861473872148,-0.2819204511357364,1,2,0
-1.6211487007476628,1.4395642669538746,-1.519063586556651,2,2,0
0.2513972051450188,0.2014631177076902,-0.9674887458909468,4,2,0
0.8061633269304739,0.0447325313405077,0.9204996194790588,2,0,0
-0.501840070871918,-0.827526672150604,0.4385309546160825,0,1,0
1.6352289182293538,1.6277121515010766,-1.1578950028628598,1,2,0
-1.3197977250430826,1.319840773489545,0.3785136331826597,0,1,0
-1.6176446196348189,-1.377838822279429,0.7202122498769473,2,1,0
0.6375469437804228,-1.4153344116000075,0.7242134046391755,2,0,0
1.2154750417217763,-0.8847016885852773,-1.4051942012886474,4,2,0
-1.415494180234851,-0.1306516396635455,-0.2987879279072862,0,1,0
1.2551762807302984,-0.4667092609778535,0.1527162925225855,3,0,0
1.2195397758126754,0.2119308980875279,-0.1985015932407945,1,0,0
0.7785862085723919,0.155823595251598,-1.788532661630193,1,2,0
1.3854580165058366,-0.0768612055516864,-0.7634437700773515,1,2,0
-1.3303099683816144,0.1423341156021139,-1.0377351064556313,2,2,0
-0.4054778402687092,-1.5585685397974527,-1.7509357239252907,3,2,0
-1.6565048791762582,-0.5995244584372336,0.5139962126967169,2,1,0
-1.4338906060772818,-0.8434167627671976,0.8336780404037176,2,1,0
0.8613175636466377,1.207619189297432,0.1924982086541657,1,0,0
-0.3396011153472428,1.6473915786151714,-1.4544258011891071,1,2,0
-0.0638299317664234,0.2378142297067398,-0.5601990252162019,1,2,0
-0.951623922516568,-0.322972679322176,-0.3332465685725975,1,1,0
1.2931955608046553,0.186110373150595,-1.2227554611910842,1,2,0
0.4077843452112445,1.6310967338238909,0.4673671030242106,0,0,0
-0.6577015987712171,-0.5377785112366978,1.000460087953431,2,1,0
-1.1363590787857014,-0.1989364603413531,-1.5842441372658536,2,2,0
-0.0782317051402121,-0.0149617309055798,0.4088041143652324,2,1,0
1.6653289749886837,-0.6479833030756287,-1.0149180865158989,1,2,0
1.459779576909257,0.3930863053409983,1.551297324436881,0,0,0
-1.1459953018460225,-0.7312649637776171,0.46604498232017,0,1,0
0.9914941769887908,-1.7245247299393989,-0.7295696459338266,4,2,0
-1.6478497988275338,1.3599672649455892,1.330329203611566,0,1,0
-0.6117981361929613,0.6899037072714215,1.3990516461015932,0,1,0
-0.9861741622892096,-0.8895796742422817,0.9493705605372932,0,1,0
-0.6735050045901434,1.5244440087938516,0.96556305989678,2,1,0
0.4330487700348494,0.1213566837209193,1.2140939181363315,0,0,0
0.8276083033410788,-0.2546180734418362,0.1043893015248902,3,0,0
-0.2123328893287503,1.2431049647850816,-1.0362877322112078,1,2,0
-1.4603464184792536,1.071733442926633,0.767739009922197,0,1,0
-0.2254381526907867,0.7307559648338012,1.4425842099146358,2,1,0
-1.188745091422719,0.1521877861996678,0.6984598850304685,2,1,0
0.081694556849986,-0.5937602007080697,0.0065871620759907,3,2,0
0.6172232733259277,1.0134139491704308,0.6761299621922245,2,0,0
-1.5619998115628568,0.5473744096195521,0.0075961489290743,0,1,0
-1.4990665147761792,-0.1411612911649025,-1.7532946656025,0,2,0
0.3491610681933651,-0.3591981779566676,1.4868404608498902,2,0,0
-1.2927462188519272,0.0344880636087732,0.768184355843558,2,1,0
-0.6929876955775558,0.4008464198625846,1.580676238186668,0,1,0
-1.2685330183621757,0.0423109848126386,1.1454271438864745,2,1,0
-0.57342844800732,-0.6743341955518066,1.5430862590117866,2,1,0
-1.5255573679892798,1.24212797194963,-1.2501511938848102,0,2,0
0.1498138936836725,0.9133349902189296,-1.661824788472953,4,2,0
0.4271969545764,-1.3160998535991466,1.5330311831310568,2,0,0
-0.0252850395251399,-1.455530688258584,-0.6087208550544926,4,2,0
-1.6300490667742864,-1.0157234063395786,1.114830487382966,0,1,0
-0.3754829059427649,-0.0795200217681652,-0.7433405768459128,3,2,0
1.1543288263026492,0.8846951430996938,-1.7677614495167129,4,2,0
-1.6425586363471394,1.140185748090518,1.4846972336033402,0,1,0
0.6805420190350181,0.5807945431122471,-0.1892884994926378,3,0,0
-0.0736063180712581,0.6683400796889559,0.5986049792252953,0,1,0
-0.9712818175596228,1.0727104357620845,-0.6067237569383892,1,2,0
0.9961896456800016,0.2276953753395634,1.0468804417252997,0,0,0
-1.6191163337022132,1.054991972839146,0.6395350528103844,2,1,0
0.422571567507446,-1.6093233175991588,0.6456516006990776,2,0,0
0.036176543194143,0.3013955277338737,0.6035942452505434,2,0,0
1.5804601304356027,-1.427784091731761,1.0396505290332037,0,0,0
1.4435556813567894,-1.328612340413179,-0.8220763440365424,4,2,0
-0.3717335391520219,0.3779010452699805,-1.2308830242559234,1,2,0
-0.9022163788254683,-1.3866806074402651,0.704193713767992,0,1,0
1.4835022060432106,-0.7591371736689981,0.1398847631633702,1,0,0
1.3229802502638288,0.9729734243029912,0.9436297732697484,0,0,0
-1.579940706860618,-1.4887972943057082,-1.3809645997545976,0,2,0
0.3432391711126588,1.1637103398641395,-1.3306335521107775,1,2,0
-0.9347692923637888,-0.5108763156605152,-1.0773848105168071,1,2,0
-0.1002723753400006,1.0763113522127483,1.4968537855504926,2,1,0
1.3084383136455264,-0.5495652319443951,-0.5647777379701951,4,0,0
0.7427044179768698,0.3842863913016814,-0.6093401642263854,1,2,0
-0.1756101192661456,1.3246350169035106,1.5653813891999244,0,1,0
0.7363970719737507,-1.3666522543135091,-0.9169071911663612,4,2,0
-0.2893525921890605,-0.525628907475833,1.1805538034338274,0,1,0
-0.1244154942074954,-0.7532542810955293,-1.7841557462468165,1,2,0
-1.02478913615275,0.8310861505144185,-0.2750315064146826,1,1,0
-1.1089221236721334,-1.7831582571069962,-0.5831204231062534,2,2,0
-1.4781121097213723,-0.2793918203407853,0.5101342285349141,0,1,0
1.0804277556327704,0.2079810556242025,-0.74162181993066,4,2,0
-0.0610617076872767,1.2638172128966538,0.571014407690974,2,1,0
-1.599248193792388,-1.6175928640992303,-1.0850670276602856,0,2,0
0.8835334379020684,1.483438223785901,0.0753513557461454,3,0,0
0.9509169177020576,0.0942451325371398,0.3221495400104016,2,0,0
-1.5130828392275553,-0.1332476491977452,0.8818310681508812,2,1,0
-1.0280128907765664,1.3663316754165304,0.0516993122038609,1,1,0
-0.6422836418747038,-0.0373488238779259,-0.3614425322187691,3,2,0
0.0105617102592536,-0.5806405826320065,-1.205435679968152,4,2,0
-0.0235329989687179,-1.1838429377600246,-1.1451887270440273,4,2,0
0.1741322166068095,-0.2426219971265422,0.2018295974126839,3,0,0
1.7104264989109852,0.7619220362847046,-0.625574414766,4,0,0
-0.3253745460290964,-1.7986645291096623,-1.1141884757992857,1,2,0
-1.523419878510445,-1.166654842376331,-0.534918685648941,0,1,0
1.5973147605883822,-1.205064617850082,-1.618368768490144,4,2,0
1.5454193193071633,0.2325803395168209,1.5545121653067062,0,0,0
-0.2912447959899962,-1.448175327911685,1.424331985668854,2,1,0
0.8923987631175636,-1.5776827067710362,0.2211743108718046,1,0,0
-0.1177927809042204,-1.091440351087071,-0.4326839625764947,1,2,0
0.2718960796551559,-0.1671841931891789,-0.8607588124247624,4,2,0
0.8644011550259404,-1.4716301344827745,-0.7347955019797977,1,2,0
0.2598420406269727,1.3388572411795834,0.2499478325097412,1,0,0
-1.0682747827631434,-0.1525781502991788,-1.7313196277953409,1,2,0
-0.1959337897206406,-1.0309365804916093,-1.289814815006029,3,2,0
1.1883534539083642,1.0808055192558257,-1.1556821903160972,1,2,0
-0.4507505682466531,1.104260325826915,0.742430836234851,0,1,0
-0.1944971164643746,-1.1236322650151984,1.3071851327608337,0,1,0
-0.0656520539451023,-0.8162563619416455,0.4679655366060395,2,1,0
-0.5760915496530814,1.1144140727953575,0.2216892420933783,3,1,0
0.4952111689767012,0.536676338071358,0.0955380513378393,1,0,0
-0.534287861976853,-0.3532385216604133,0.0360495781860327,3,1,0
-1.063999803805474,-0.0180950864992778,0.1779827150298039,1,1,0
-1.599808846770443,-1.3868550704465958,-0.1089870630472232,2,1,0
1.6706201374690777,-0.5097109027782265,-1.125405626193567,1,2,0
-1.7091011366800462,0.3602733031103338,1.1598382595605172,0,1,0
-0.1345422886236145,0.5886314213566188,-1.0338104955236371,1,2,0
0.6012797042624878,-1.0600300314273048,-0.7831294515075142,4,2,0
0.1809651747768552,-0.6309766492185191,0.3442428728279225,2,0,0
0.583443931398112,-0.5771652795459004,1.129533861317902,0,0,0
-1.3520002304701186,-0.845908094497599,1.3610859063055634,0,1,0
-1.5058293913239682,1.353016658773377,-0.6649457776263253,2,1,0
0.0441658481314272,-0.1393608329395704,0.3304162736756661,2,0,0
1.269823339781986,0.5543529298727772,0.4393381440985495,2,0,0
-0.7861261715569481,1.1588672468084016,-0.8005118595006377,1,2,0
-0.5077970087637527,-1.0206711771991153,0.5761637199067111,2,1,0
-0.5722370604289531,0.3396447972418004,-0.078265153003332,3,1,0
-0.9104509694406516,0.6905876022562375,-1.7376170974645868,1,2,0
0.5967243988157906,-0.2755606127217647,-0.9320141598425306,1,2,0
0.0984440645693801,1.6112498222237186,1.5980168949996638,0,0,0
-0.4360684683838369,1.546433326111764,-1.808378389250845,1,2,0
0.8380154242462254,0.7617266377176142,0.5380379339201924,2,0,0
-1.57899460496015,0.84195170654869,0.244770686173919,0,1,0
-1.3309407029819265,-0.5102970984794974,1.55607087603147,2,1,0
-1.0864609637388036,0.896795897218786,-0.7638334477585424,1,2,0
-0.4659933210875243,-0.3486466553337912,-0.8864357882032355,1,2,0
0.2762060994239539,1.308633269962865,0.4014906993128814,0,0,0
1.156291111725842,0.0642235384077654,1.1410432699730766,2,0,0
-1.3436955582326784,-0.0746978642731866,-0.9449431086220436,0,2,0
-0.1422162262607428,-1.29611337159391,1.096933148168269,2,1,0
0.6042581732084051,-0.443352153690309,0.1006525709034701,3,0,0
-0.7472308712043801,1.1661737575135285,0.4839005703547396,2,1,0
1.0159526631564415,-1.5877317759356804,1.4124537749225523,0,0,0
0.1987659068301025,-1.6529041765805497,1.5804883578760938,0,0,0
-1.5163766754736283,-0.0196931676372664,-0.1326878162996567,0,1,0
-1.0472152552749512,1.1601931656565143,0.930638197720044,0,1,0
0.0214944433313268,-1.6466374653931537,-0.14309081868145,3,2,0
0.067187661042812,-1.2875088561216834,1.2502086889467043,0,0,0
-0.682720737916923,-1.6815230881390255,0.6385191074272795,2,1,0
-1.3465689047452103,0.6452830487723002,-1.3917433627575393,2,2,0
-1.4142327110342272,0.5761259130628394,-0.1848837499891761,0,1,0
1.3951643211884144,-0.0656397449845004,1.3769931059341785,0,0,0
1.3479993894095348,0.2671240147702852,-1.258167420469309,4,2,0
1.4309409893505511,-0.8223625671632175,-1.393886590004089,4,2,0
0.7442812544776496,0.7709103703708584,0.5904426235103498,2,0,0
-1.6366717800775614,0.1286701729462992,0.9897578687807236,0,1,0
0.9986425024589924,-0.942204695471852,1.127042707570289,2,0,0
-1.486451822769941,0.0567774572975742,-1.6607114236695502,2,2,0
0.7342946233060443,-1.025472399133334,-0.9599317822878516,4,2,0
0.9584857329058006,-0.5674442008331578,1.6451748529537864,0,0,0
1.4719737791819538,-1.569357332108939,-0.91058188737703,1,2,0
1.3612097752049566,1.627872657466901,-1.7024278111470426,1,2,0
0.234437452558854,-0.3639575287693671,-1.032759757490426,4,2,0
-1.249996429275231,-0.7106225008685771,-1.4095641581420026,0,2,0
-0.5949435060401819,1.2424420053610252,0.5886334057048206,0,1,0
1.036556660099964,0.3441459428051306,-1.4314278594688217,1,2,0
-1.335390885995238,-1.2229435867388447,-1.3629628825895814,2,2,0
1.5688616219520892,1.6414668149201834,1.6138614678580876,0,0,0
0.1347463448984434,1.0809311326203837,-0.2658532053166322,1,2,0
0.0227909533430791,-0.1685380261183046,-0.2684209028944795,1,2,0
0.0429043789308034,-0.9169075595539112,-0.0036279599952284,3,2,0
-0.9250279468700824,0.2042824398899932,1.1412241917536297,0,1,0
0.228936045211689,-0.0462673727615476,-1.2930783655860028,1,2,0
1.673178116681454,-0.4471135761067973,-0.184201814047092,1,0,0
0.2657989785188074,0.3266089214087759,-0.2848221581546045,3,2,0
-0.6325422963809976,0.605470590727651,0.1141173264946207,3,1,0
0.7441761320442642,1.5476824812370913,0.7872228939817429,0,0,0
0.1377248138443608,0.2883387163400895,-1.7751096572191702,4,2,0
1.6192152675436569,1.384329279149598,0.1920250286127195,3,0,0
-1.1821924597417004,0.2346878526332949,0.3618618708417691,2,1,0
0.6640728378046514,-1.5118124541008446,-0.4950741427471694,1,2,0
1.5311577091778883,0.4861588299582614,0.7791997088672228,2,0,0
1.0883469789477975,1.2388480674306144,0.6506199911342618,2,0,0
-1.0360722773361075,0.484937588913947,0.0123697005236631,3,1,0
-1.6127389060768371,0.6870704280486121,0.6531250619419178,0,1,0
-0.0115140007516632,1.1941785592897205,-0.2086888811919285,3,2,0
1.3338779425247735,0.2833420958387803,-1.662165756443995,1,2,0
1.3371367379597183,1.39515296406235,1.222882541553191,2,0,0
0.173291237139727,-1.5102911366856415,-0.6880550558269511,1,2,0
0.6074819278322215,0.5542622091094852,1.3435782447720572,0,0,0
0.3244572963478153,0.9334540641089776,-0.5335687308248153,1,2,0
0.2489093075548995,-0.2474371761012676,-1.785185608689964,4,2,0
-0.5950836692846956,-0.8378688391658836,-1.0594526786520038,3,2,0
0.7219252169777052,-1.1626421932307267,-0.6578550355346549,4,2,0
1.109476588058247,-0.7299739375307703,-0.109321072488244,3,0,0
-0.327336831452289,1.5855479321310906,1.5142779447237438,0,1,0
0.8248400792619321,1.4325438755791302,-0.9651645968638438,4,2,0
0.8566571357665552,-0.253899285855754,1.202118287969732,2,0,0
1.5908672513407494,-1.4849870222474473,-1.7195318779393154,4,2,0
-1.1232888562347936,-1.060071902548824,-0.6050119585531576,0,2,0
1.2102189200525104,-1.4364374568457603,-0.8146863851539574,1,2,0
1.4968877958942743,-0.8018038464972164,1.4017445972198233,0,0,0
1.317408761294407,-0.1313076205673486,1.4594168940360792,2,0,0
0.8680103585721697,-0.1449715632231634,-0.0829621607676868,1,0,0
1.179978700048667,-1.6163576660144097,-1.3718141327766322,1,2,0
1.0707915325724493,-1.0260934874358711,0.7466059542476109,0,0,0
-0.7297104656401604,0.1051246456119177,-1.3346277483429845,3,2,0
-0.810514576102342,-1.4006795190682348,1.1280029847132234,2,1,0
1.4638793518112845,0.1957337525797924,1.5852967021207889,0,0,0
-0.5907386087047691,0.2336131605142982,1.4179162209892464,0,1,0
-1.4285293619746304,-0.0798619692605732,0.2890269371091735,2,1,0
-1.5111906354266194,-0.2289789900314872,0.6201068369910085,2,1,0
0.1021233497378662,-1.3018078441205416,-0.7646128031209243,4,2,0
-1.6793514880320008,0.1231431849057449,-1.1279037384712016,2,2,0
1.4158033589430652,0.5472418177347408,1.5404489761337268,2,0,0
0.8993018029098662,0.6369786096709623,0.3062910500919354,2,0,0
0.6146652941135516,-1.7760052738474403,-1.6193986309332915,4,2,0
1.6036571474026298,-1.2056717491121125,-0.0443840703297858,3,0,0
-1.1275988760035915,1.218345174926639,1.2348790473098543,0,1,0
-0.1016389669740097,1.3701140333937785,0.7667230645390921,2,1,0
-1.4461548899722356,0.460289455379556,0.8485484190591639,0,1,0
-1.5361396929500684,-0.1631924796043341,1.5553332718492157,2,1,0
-1.0168699128377223,0.28658710775653,-0.0018674518998479,3,1,0
-0.1237847596071835,0.6892198122866054,1.612622849514302,0,1,0
0.2621196933503212,0.8789169283300233,0.4818338869384235,2,0,0
-1.602506989227333,-0.9503486286073658,-0.57848604211209,0,1,0
-1.2465974705957723,0.8868166132566742,-1.1457941191558776,2,2,0
0.1452936290481038,1.1454684879222092,0.3435818124759022,0,0,0
-0.6903245939317944,-0.918079950956453,1.2411973925691644,0,1,0
-1.3810841037067234,-0.4902268742312221,0.3132704557032657,2,1,0
-1.1252161008468575,-0.4376925737649434,-1.7995688902439215,2,2,0
0.370115473248172,1.6221921419807757,-1.1081832643909326,1,2,0
0.8616679717579221,0.1923910413784976,-1.4413298476890837,4,2,0
1.2611682594332616,0.0407477962759161,0.8525356567613496,0,0,0
0.6356196991683586,0.0019053525464652,-0.6097368004375975,4,2,0
0.6996392611000176,1.1254261777549468,1.6358225886052042,2,0,0
-1.2541662857995153,0.2530483394195302,0.0584908375046169,2,1,0
0.8309371803982807,-0.2376114195847266,-1.715502889057002,1,2,0
1.2470468125485004,0.1138826885297152,0.5939636397011107,0,0,0
1.5555461137232822,1.1032275048294378,1.5035618084909934,0,0,0
0.4314719335340696,-1.3364980682993235,-1.570862884034958,1,2,0
-1.389038367832879,-1.4250275762317373,-1.4814457732616848,0,2,0
0.1844692558896992,-1.464553914946004,-1.123944334889101,1,2,0
-0.1751195479103475,1.4248116751385569,-1.2655156281717663,3,2,0
1.042688802047441,0.9908105220702346,-0.1920092847309529,3,0,0
0.0776999043813438,-0.3052611949194908,0.060661898871252,1,0,0
1.6436036720890508,1.06116796326325,-0.2139216957679209,3,0,0
1.0409017206798905,0.9872375197005834,1.5462315145813992,0,0,0
0.3969216937614283,-1.2819120828785968,-0.7024313788508876,1,2,0
-0.6991198375250327,0.2678916519981399,0.9517016680944174,2,1,0
1.6244713892129228,0.0865896958193518,-0.1980005790792633,3,0,0
-0.1806910368797694,-1.038829286898007,-0.5214817641778755,1,2,0
-0.4845649509855972,1.3701489259950446,0.925969024075774,0,1,0
1.6007487600789694,1.5503831685750893,0.3062771330318929,2,0,0
1.4952408777712378,1.3260237424339023,-0.4263517002571422,3,0,0
0.4792325591021328,1.080351915439366,-0.826585471490323,4,2,0
0.2627153871395047,1.1485320583133751,-0.4538378938411446,1,2,0
0.3512985576722,1.2457428454408008,-0.6820915955987258,4,2,0
-0.7859509675013059,0.7269387142552871,0.9877538121345988,0,1,0
-0.911992765130303,-1.1595786228395608,-0.4168602653081348,1,2,0
1.0697753490497246,-0.9369777838021864,1.1138215005298824,2,0,0
1.692590726046609,-1.2006821071310567,-1.333277793518859,4,2,0
0.6766174481886328,1.3165469119300226,-1.1729741374189442,1,2,0
-0.3124795275338305,1.6737982992533753,-0.3778089948287877,1,2,0
0.5726163207594243,-0.7061143767849938,-1.565031635877137,4,2,0
-0.9035829704594776,-1.2699997488063417,-1.2348563448980665,3,2,0
-1.3754425331150446,0.6042353926428301,0.8330517727018036,2,1,0
0.3884067766572174,-1.65632365150463,-0.1186385441867198,1,2,0
-0.2488103737134559,1.055773567107507,0.4994389678922275,2,1,0
-1.385359082664393,-0.8424467484519993,0.4285593810956077,0,1,0
-1.1462405875239214,-0.4170082397343843,-0.988044243573768,0,2,0
-1.5580752407164715,1.4956366771885383,-1.415186650399186,0,2,0
-0.7503144625836828,-0.6427075417641905,-0.9131356678948348,3,2,0
0.1021583905489947,0.1528786597047371,-0.4818807698268483,4,2,0
0.3014705242475589,0.773994876322784,0.1105545591237323,3,0,0
-0.6341892145040342,-0.7281595222649319,0.9482780713239544,0,1,0
1.5988565562780337,-0.9157212111108628,-0.7027097200517382,1,0,0
0.0013810177436025,1.0598280873746309,1.6023381421428704,2,0,0
1.4693106775361926,-1.372814287697107,-1.0462036374915125,4,2,0
1.371757059354617,-0.864694271019281,0.6332932513813084,0,0,0
0.4139865687809783,-1.22583269412368,-1.8222606566432715,4,2,0
0.6066059075540106,-0.7596326486069771,-0.1011100070631497,1,0,0
-1.0864259229276751,1.2333280579103134,-1.5702157407429804,3,2,0
0.3573956588085484,-0.3782634952884785,-0.8223477267073718,1,2,0
0.816220039724336,0.0552631184026243,-1.5516434241162205,1,2,0
-1.3013312175783949,-0.7080544054153903,0.4531786603108483,2,1,0
-0.4863870731642761,1.5774319130765897,-0.9667928928888202,1,2,0
1.4928931434256325,0.5809410920375647,-1.4691291751240432,1,2,0
-1.579485176315948,-0.1823275821386774,-0.6879506778766321,0,1,0
0.7538123551045851,-0.1601777588549409,-1.544267382293678,4,2,0
1.5605219089035207,1.5292452307280704,-1.5698330215918108,1,2,0
1.709305192954875,0.5987084046022759,1.1262216010277792,0,0,0
-0.3774451913659575,0.4810226390518878,-0.8373851100833285,1,2,0
0.7139008712292925,1.0158354956982998,-0.5782355350313244,1,2,0
1.1882483314749788,-1.337251748486672,1.1218864368245305,0,0,0
1.421515011157001,0.1815324638644793,0.977733528903975,0,0,0
-0.9920610185587874,-1.530054306042775,0.8985245816718994,0,1,0
1.2948074381165635,1.0675114381734316,1.623749539018307,0,0,0
-0.370787437251554,1.1061724403762987,-0.1800823642745023,3,1,0
-1.6014557648934795,-1.4243576382874277,-1.530948755832974,2,2,0
-1.293517116696753,0.9120579210125892,-1.4629291248750949,0,2,0
1.6979519701492607,-0.426827017730672,0.4124225499762909,0,0,0
1.5271630567092462,1.5278216125964126,-0.0863022551778947,3,0,0
-0.7612822364668844,-1.066673582708375,0.8491190185209078,2,1,0
1.5394273406042,-1.166689734977597,1.144132857302519,0,0,0
1.5845949461487587,1.3038878761906725,-1.071261304098093,1,2,0
-0.8313288179126351,-1.2156789471552374,0.1026287934295098,3,1,0
1.3873502203067725,0.2140942393660276,0.1887545195027243,3,0,0
-1.183348806508939,-1.750045178505443,1.4433635652770176,2,1,0
0.9207818201315996,-1.1109243796340753,0.1812045144296503,3,0,0
0.9713807514010664,1.6204195978364564,-1.5177414658526105,4,2,0
0.5913981955242678,-1.0594926853678064,1.4157729937426964,2,0,0
0.2937265049881737,0.927578150055762,-0.2009231616881952,3,0,0
-1.006287587876934,0.7556274110162955,0.6645927194169648,2,1,0
-1.6051700908730944,-1.7882525768918505,-1.8186074283821063,2,2,0
1.1798034959930248,-0.932588294562908,0.0817879960158169,1,0,0
1.4195877665449368,1.0699957913835798,0.943462768549238,2,0,0
-0.3701216618401137,-0.7576018992132886,-0.5649238671006418,1,2,0
-0.8053635768664614,0.1489637098426778,1.6318492679630612,0,1,0
-1.3223557042554586,0.9229862837291398,-0.9976470150031156,0,2,0
-1.705211606644789,0.388829407986531,1.5711360935275116,0,1,0
-1.4553355824878869,-1.4948476713652543,0.9109246821697962,2,1,0
-0.545921411271495,-1.0700581650311891,-1.78884579548115,1,2,0
0.4070484881775473,0.9646061785193744,0.0300026155975522,1,0,0
1.4019271977362031,1.4585109494413808,-1.3413705639335916,1,2,0
1.5363437492248977,1.5065301473038228,0.3063606353921481,0,0,0
-0.162960386448779,-0.0769379692744719,-1.5633128789618842,3,2,0
-0.3616067447359029,0.4803875937088443,0.2431980583891128,1,1,0
-1.05779758023574,-1.3687388318692235,0.2942945443352722,2,1,0
-0.4674650351549188,1.294020248552612,-1.6622631758642927,3,2,0
-0.0623932585101574,-0.5412677713633104,-0.6092357862760663,1,2,0
1.1902106168981714,-1.372779395095841,1.2727752018056713,2,0,0
1.2938262954049673,0.1229198722576417,0.2869045854526872,2,0,0
-1.0904906570185742,-0.7267847537750465,0.5400698246864022,0,1,0
-0.393669086918425,-1.0290174874219724,1.6225387547946066,0,1,0
0.755634477283264,-1.603998706645948,-0.8935682814750336,1,2,0
0.575875116194369,-0.214526474587058,-1.463722397297519,4,2,0
-0.496338663524753,1.139104077451268,-1.804370275958596,1,2,0
0.3488457008932092,1.0179639443755335,0.6470572237633734,2,0,0
1.389382587352222,-0.9872719792671798,-1.4375374488274937,4,2,0
-1.4618531733577766,0.0799252089775219,-0.641822582365657,2,1,0
-0.581557916189118,1.5310107963521364,-0.3822137443322493,1,2,0
0.4345204841022439,-0.1141613963051746,-1.0018360500759178,4,2,0
-0.1494346333532013,-1.5720231268456708,-0.7354287282117329,1,2,0
-0.4508907314911669,-1.1767108900612284,-0.2409277507804559,1,2,0
-1.0135760765916493,-0.2891547701750472,-1.746607518252063,1,2,0
0.7745565152926214,1.3821519808305918,-1.2888475793330727,4,2,0
-0.2028718703240716,0.3179276422137639,-1.562317809168843,1,2,0
0.6788951009119814,1.3801561240381697,-0.6544453558242342,4,2,0
-0.9714570216152648,-1.5730070982013755,1.246179700064391,2,1,0
0.2100140072023316,-0.7141745676774688,0.0456036399052315,1,0,0
-1.215165863013562,-1.2229645222996044,1.2727543262156076,2,1,0
-0.2635275143874005,1.3699674844684608,0.627510712933636,2,1,0
-0.0741669710493131,0.563369178039944,-1.807021475896698,3,2,0
-1.6941387103282024,-0.50454679779084,1.2583292934815222,0,1,0
0.0505082349456747,0.9059726513517772,1.5249523297763663,2,0,0
0.6012446634513593,0.9500559637914,-0.5964738422170637,1,2,0
-0.3196278530040323,-1.4930192990589093,1.1450374662052836,2,1,0
-0.062918870677084,-1.4664311368941216,1.5519653433189229,2,1,0
1.0646593906249724,1.087916631393862,1.1001131963879875,2,0,0
-1.131698650905619,-0.4807919148488617,-1.2690157687724637,2,2,0
0.5205807162336915,1.4607859470439322,-0.1134544393208763,1,0,0
0.8360881796341613,-0.0142429433194976,-0.1300226993015117,1,0,0
-0.8623399357613042,-1.0537633202399086,1.427073646497233,0,1,0
-0.4252758985562775,-1.3488011995057594,1.0680274144599282,0,1,0
0.729564113803705,-1.1231507471177258,-1.5098017830983457,4,2,0
-0.4837590123296431,-0.3405864644413162,1.4688039510347677,2,1,0
0.3534710879621632,-0.2755466556812583,0.904968180471592,2,0,0
1.1760190883911534,0.3153944393618432,0.189791340475893,1,0,0
0.1001610643146736,-0.4540292896777435,0.8885808422715097,0,0,0
0.5543250173503788,-1.0840849907401715,-1.6704394486392806,1,2,0
-0.5875849357032096,1.248290005333228,1.0804692661379525,0,1,0
0.1759893795966168,0.0698482257318648,0.6123550345473178,2,0,0
0.4150728339259599,-1.3824655812073172,-0.8914180956984623,4,2,0
-1.527414530979087,-0.4102111610077431,1.561874290069206,0,1,0
-1.4275832600741627,0.9452268277761684,0.9088092890433312,0,1,0
1.325398066231691,-0.593711351066297,-1.0639896402258695,1,2,0
1.4029083404477996,-1.2934405983369246,0.8420143593691948,0,0,0
1.686423543288004,0.9877678872398284,0.0563893614381944,1,0,0
-1.329644192970174,1.282952315430997,0.4523227611182326,2,1,0
1.3467028793977824,0.349303069272264,-1.3445575706833317,1,2,0
0.4026333459753639,0.8915201359073479,0.2347991126534442,1,0,0
0.6176788038705975,1.6382287815226868,0.0650944824947987,1,0,0
-0.7668186846251779,0.1597873947554299,-0.6176068978916498,3,2,0
-1.6824350794113037,-0.0140963943941798,1.2442800213685854,2,1,0
1.226442815604978,1.205420955417666,0.3346053087484685,2,0,0
1.4263156022815973,-0.6038092698727138,0.102712295789765,1,0,0
-0.964694145067476,-1.1627398925142718,-0.9068660323456738,1,2,0
-0.9596482682649808,-0.2411495293531117,-0.2907508257327235,1,1,0
-1.3281023972805228,-0.3233913905373696,-0.7870471039094872,0,2,0
1.3800967724031854,1.0268057295363695,1.2995864179776109,0,0,0
-1.3920869184010534,-0.4784471320437781,-0.6016301129628221,2,1,0
-0.8886906257298907,-0.1312936635268422,0.5470770644178174,0,1,0
-0.3845234352139023,1.583824237628544,0.3785205917126809,0,1,0
0.8894903757939031,1.0762485455304696,-0.1177548108740189,1,0,0
1.4315717239508632,-0.679149374526532,0.6411911829554459,0,0,0
-1.481335864345189,0.4574422191162401,-0.7609526163297381,2,1,0
0.8126458769892352,1.5035852117569617,-0.4612278527237295,4,0,0
-0.0329239363511398,1.2442354850661042,1.028349876278667,0,1,0
-0.8918092579203218,0.7185714684716702,-0.0685371280336015,3,1,0
1.1842887198174652,-0.5715336137015476,1.1537912969720368,2,0,0
0.824034140605978,1.492335837108763,0.4805048077043616,0,0,0
0.9803161582388183,0.6538805857242735,-0.6876584196157389,4,2,0
-0.168707079473843,0.810485558726898,1.324532748103851,2,1,0
-1.6656154900696525,0.7819224753304477,-1.119685714516086,2,2,0
-0.960068757998522,-1.4993488169285845,1.3220972625964078,0,1,0
-0.0821212351754689,-0.7997730971035278,0.0810991015437115,1,1,0
0.0444111338093263,-0.6836644771303686,0.5384276116013833,0,0,0
-0.35021848111916,0.1236595954044836,0.1409355011965815,3,1,0
0.4828768034594905,-1.3783552327781676,1.221469959958874,2,0,0
1.5428262992836588,1.2584856234231898,-1.378445611886899,1,2,0
1.394007974421176,-1.6745375893655474,0.8356890555798636,2,0,0
-1.051595356666006,0.0905255812421708,1.5374220155744758,0,1,0
1.2048576759498593,1.4729564863655569,1.1979292528969296,2,0,0
1.3671667130967913,0.6084713544365378,0.1396829657927535,3,0,0
0.1968386622180384,1.357454997654428,-1.1213279276011048,1,2,0
-0.774878071184719,-0.7830037129350279,0.6031349822691398,0,1,0
-0.7281686699505091,-0.9570270724897024,-1.5735697522132308,1,2,0
-1.2358399415793413,-0.7105457371457917,-0.9595699387267456,0,2,0
-0.2357401511625479,-0.8532006481622192,-0.6630391404004983,1,2,0
-0.793449701082792,1.638731234980919,-0.9670086073194796,3,2,0
1.198725534002382,-1.7622994600701063,-1.5821844123795588,1,2,0
1.4968177142720176,1.5489525719231785,1.1613065093950046,2,0,0
0.3076026661950358,-0.0970640216847731,1.4500924638075825,0,0,0
-0.3088352831764729,1.2362660149369211,-1.0655065997705055,1,2,0
-0.4203351441871675,1.0484042497201014,-0.2603281324797467,3,2,0
-1.6732543868956524,1.1932922872175609,-0.3791867837729984,0,1,0
1.4784212884295869,-0.0400704467766837,0.1214377000769929,1,0,0
-0.4613679340185703,0.2738443297741409,1.4461469772855242,0,1,0
1.4108626045739554,-0.5005411271654887,-0.1008594999823841,1,0,0
-1.0233875037076123,-0.6373550167299669,0.5674585988501069,2,1,0
-0.5080072536305233,-1.4652866595725929,-1.5041097055409494,3,2,0
0.8076350409978683,1.1550918673514068,0.861192068107805,2,0,0
-0.7809050906988106,0.0420737151240289,-0.4520913028058067,3,2,0
-0.8335013482025984,-0.2656301784014254,0.3103061219142062,0,1,0
0.212116455870038,-0.3380253475083826,-1.212665592660248,1,2,0
1.5641661532608784,1.6540351298962417,0.1819421186119045,1,0,0
1.5828078647812085,0.2536345351208011,0.8239639324940297,0,0,0
-1.17704146050582,1.357385212451896,1.3039076651208172,0,1,0
-0.1609630602144579,-0.1444970238459441,-1.233436804773728,1,2,0
1.3004490087082423,-0.2820785506382769,-0.5006340082341613,1,0,0
-1.5532746495918754,0.7985313535331234,-0.2030107206945751,2,1,0
1.3208077199738657,0.609036614577049,0.8218415808375434,2,0,0
-1.389038367832879,1.4681761999920977,-1.5509754052341789,0,2,0
-1.589682052354324,1.3030853463615517,0.2289261133154954,2,1,0
-0.6559845990259235,0.2833211602780207,1.2725525288449908,0,1,0
0.2346126566144962,-0.4965075424591246,1.336626673280812,0,0,0
0.3056754215829717,-1.5448278334188523,-1.7053086425758468,1,2,0
-1.260053142069093,-1.1828170952828003,1.3476698604245618,0,1,0
-0.8271589613883509,1.0857672471558686,0.2699188136707759,2,1,0
-0.2358803144070617,0.5437106864866088,-0.4623481760571534,3,2,0
-0.2157668888193374,-0.3565184261794291,-0.6319901794456075,1,2,0
0.1103228995419211,-1.0363937833296313,0.2351957488646564,3,0,0
-0.3426146251042886,-0.3059799825055729,0.0744745809634659,3,1,0
1.0912904070825866,-0.7565341856145451,-0.444158578581563,1,0,0
0.4398817282048952,0.683469511597948,1.4449988198320152,2,0,0
0.5944467460924421,-1.496696979232359,-1.7758681369914882,4,2,0
-0.7379450562553437,0.4350341905831343,1.202146122089817,0,1,0
-0.8800705861922946,-0.3050657963524004,1.2139617060659276,2,1,0
-0.5425925342142932,-0.7139791691103785,-1.0512972814670796,3,2,0
1.1834126995392542,-0.742953985201769,-0.2046668508396366,1,0,0
0.6505470847090737,-1.1613721025446395,0.1525075366219475,3,0,0
-0.4443380998101486,-1.458133676313037,0.1899235525462971,1,1,0
-0.9242220082141284,0.4176367395918441,0.369015239703631,0,1,0
-0.5065355395631289,-0.4739669220412075,1.500472221161551,2,1,0
-0.9992443848401176,1.1778767359781868,1.334246856013539,2,1,0
1.5407238506159524,-0.8075471686656206,1.41414469771772,0,0,0
1.5530231753220347,1.0909732232647744,-1.4789963706941989,1,2,0
0.4403372587495648,-1.6346204535170998,-0.2215134520211226,3,2,0
0.962340222129929,-1.6039498570041757,0.9466080241188504,2,0,0
-0.958141513386458,0.472132004249279,0.7746697058233784,2,1,0
1.4817501654867886,1.045787304625142,-1.7715120971981757,1,2,0
-0.656019639837052,1.553007092190302,1.131489208253878,0,1,0
-1.2345784723787177,0.925533443621567,-0.1322842215584233,2,1,0
0.7936887981687494,-0.2956378154902933,1.0292823193015166,0,0,0
-1.1015285125240326,0.7254243753603372,-1.0393634024806078,2,2,0
0.1209753061249667,-0.8490135360102842,1.110599701130036,0,0,0
-0.3736257429529576,-0.228602149937813,-0.3807315774377195,3,2,0
0.1248297953490951,1.5282961519736318,-1.1093870900846117,4,2,0
0.1282637948396821,-0.9314089246401128,-0.5396504860634022,1,2,0
0.6934720783414122,1.119326951053628,1.2735963083481807,0,0,0
-1.0508244588211806,-0.8634800084952198,0.0856151875275134,1,1,0
-0.2679076157784554,-1.6124776087536166,-1.1736351977709645,3,2,0
-0.8610083849384235,1.5610254119612577,0.1577194756078761,3,1,0
-1.4703680904619874,0.0342298583594039,-0.3619713805003853,0,1,0
1.0436349039479087,0.1435623351666816,-0.6908802190155853,4,2,0
-1.3350755186950822,-1.70875327416711,1.2451428790912225,2,1,0
-1.3333935597609172,0.4173994699032345,1.525175002737047,0,1,0
-0.9681281445580632,0.7839322891633765,-1.565998871550093,3,2,0
1.450458721149092,-0.5850021577902721,1.2253806538308256,2,0,0
-0.880105627003423,0.0852149273294665,-0.0039619694362491,3,1,0
0.6001583983063777,-0.4497654138030229,-1.3703667585322088,4,2,0
-0.6788312078816662,0.9528613289331964,0.7969022092413245,0,1,0
-1.3924723673234662,-0.5704240289812849,-0.4490782593065984,0,1,0
-0.092808682569643,0.7330170053958461,0.8188842055785052,2,1,0
0.4363776470920512,1.145524316084235,-0.7199877500945427,1,2,0
1.2470818533596288,1.6070906241527965,1.4240118932878758,0,0,0
-0.6011106887987873,-1.2691832619367145,-0.9288341116228118,1,2,0
-0.55254412457477,-0.838559712670953,1.2758299964850073,2,1,0
-0.7611070324112422,-0.3780332041201221,-0.1175599720334235,3,1,0
-1.5502260990237011,0.3843143053826943,1.6052189735716746,2,1,0
-1.0132607092914934,-1.331920159013208,0.3025056097603665,0,1,0
-0.0515306070603412,0.1011468890675794,1.079829081375996,2,1,0
-0.3850140065697005,-0.1368206515673965,1.4382699213014507,2,1,0
1.0398855371571658,0.2046453229431609,-0.9481161983117412,1,2,0
0.2175477815949461,-1.3369377150752768,1.174952186766708,0,0,0
0.2791845683698713,1.5861341278323615,0.784063721352088,2,0,0
-0.4740527076470654,1.5413320278066565,-1.6430993841857249,3,2,0
1.67955554430683,-0.2817645172268818,1.254585604330081,0,0,0
1.1832725362947405,0.5663420276678178,1.0540338105871614,2,0,0
-0.7549048088415085,0.2450649122498406,-0.752407541463623,3,2,0
-0.516031599378936,-0.0588496447781124,0.0019527810818272,1,1,0
-0.1272187590977706,1.00787300408937,1.0277305671067742,0,1,0
-1.5194602668529311,-0.8218391781442256,1.0232423152430574,0,1,0
0.2488742667437711,1.1522516096083442,0.2027759574955762,1,0,0
0.0116129345931068,0.949560488853421,-1.191205486074662,1,2,0
0.7451222339447322,-0.0002998598535538,-1.797516123887648,1,2,0
0.0670825386094267,1.6530930296620563,-0.1807295075664801,1,2,0
0.931959838881572,1.2280871892001413,0.8165600565514022,0,0,0
0.5771015445838644,0.9482345700053084,1.376248543221903,0,0,0
1.2514969955618125,-1.2724910805367429,0.5625389181250715,0,0,0
0.3176593789888979,-1.5776687497305295,-0.7662063064957942,1,2,0
-0.885922401650744,0.0901975907902692,-0.7362915859343699,3,2,0
0.2626102647061194,0.6790032586358838,1.4802159402696446,2,0,0
1.6121720645068405,1.5952062041615542,1.40837607633009,0,0,0
-0.3918820055508746,0.8670534438995406,0.7523119488650493,2,1,0
-1.6840819975343402,0.1589709078858026,-0.7775139177803522,0,1,0
0.446329237452528,-1.2154695915476406,-0.661306466425203,4,2,0
-0.7485974628383893,0.9807056247435648,0.81138291021558,2,1,0
-1.4247799951838875,0.8972355439947393,1.1454201853564532,0,1,0
0.4631137859830506,-0.4286553900370169,0.596740093179596,2,0,0
-0.8845207692056064,-0.2762794003078469,-0.948011820361422,3,2,0
-1.5739487281576547,1.0657947221911384,-0.9314018092006592,0,2,0
0.4767096207008851,0.6512008339470351,0.927242435069666,2,0,0
-1.0080045876222274,-1.3538676052096008,-1.3650226074758762,1,2,0
-1.4754139672644826,-1.718516224001372,-0.1299879066514053,0,1,0
0.8198993248928221,1.1598512181641063,-0.6016301129628221,4,2,0
1.3185300672505171,-1.581827947801452,1.0246618553673958,0,0,0
-0.0888490709121293,-1.1024594345669134,-1.141340659942267,3,2,0
-1.0053765267875945,1.0687047651367332,0.6268914037617433,0,1,0
-1.0883181267286108,0.1064017148182579,-1.2788968814026618,3,2,0
0.9392483275962872,-1.3519554906602171,0.0867633449810224,1,0,0
-1.414723282390025,-0.3100624168537096,-1.1105143719480568,2,2,0
-1.7061927493563855,0.6018068675947078,1.1137171225795637,2,1,0
-1.7054919331338168,-1.6630020953869664,0.8405809021848138,0,1,0
-0.2849724907980055,-1.3812303831224964,-1.1448825517230916,3,2,0
-0.0402825066881121,-0.6402790167160681,0.5652875374834717,0,1,0
-0.6968421848016841,1.3968766585648968,1.3851902542992305,2,1,0
-1.2724225483974323,-1.5189165877186277,0.912385973474262,2,1,0
-1.0754581490444737,1.174687552222463,-0.5611175511790091,3,1,0
0.3863043279895111,0.9407535962938508,-0.3067763203717,3,2,0
-1.3741460231032925,1.182475580825062,1.18007366486236,2,1,0
1.1061126701899164,0.3050801864275765,0.2475888908325319,1,0,0
0.0538371120028765,-1.634871680246216,1.5825898339425162,2,1,0
-0.8935963392878722,-0.7717403812463226,1.562945903692481,0,1,0
-0.8953483798442942,0.0165462880377315,-1.2989026552138028,3,2,0
0.7041945665467148,-1.1701510810231968,1.199703678052353,0,0,0
-1.33714292655166,0.2595662773360424,1.1472781128721314,2,1,0
-1.5511371601130406,1.6459540034430071,-1.3762606334602214,2,2,0
-0.5912992616828242,-0.5273177093771134,0.5213305033391317,0,1,0
0.1490780366499752,1.0145444694514532,-1.0934590148659329,4,2,0
-1.2481392662854236,-1.0784393678553126,0.10427796504455,2,1,0
0.2565482043808993,0.5402912115625286,1.5570868214145748,0,0,0
-0.3612913774357469,0.3280674321417,1.2648911872915765,2,1,0
-0.4996675405819547,0.6091412923808474,0.2595923551192165,1,1,0
-0.1390975940703116,0.3692755942369942,-1.6608645113300182,3,2,0
0.1701726049492958,-0.9076261276171218,-0.586189134845632,1,2,0
-1.12045055053339,0.2520364539828125,0.1974805161493924,0,1,0
0.2808665273040364,0.5258456746383526,0.4237232027308276,2,0,0
-0.9505376573715864,0.5147777415167376,-0.0689615983648988,1,1,0
0.7360116230513378,0.3037403105389573,1.5023301486772294,0,0,0
-0.3970680455978836,-0.4074965166292384,0.4413213251546104,2,1,0
-0.1237847596071835,0.1871292371075658,1.16045756873241,0,1,0
1.510869079534522,-1.57206499796719,0.7771330254509067,0,0,0
-0.4516265885248641,1.6403921228011866,1.443085224076167,2,1,0
-1.4659879890709324,0.147358650184436,0.4258038032071862,0,1,0
-1.2119421083897457,0.0444533905303787,-0.0928432733978852,0,1,0
0.3133143184089715,0.7785658070886464,-0.423526537068508,3,2,0
0.4485718493647482,0.199564960198813,-1.6459802156145291,4,2,0
-0.2085134409157504,-0.5473251269431099,-1.2681807451699114,3,2,0
0.0296589523242532,-1.3234203213447795,-1.0262256978004567,4,2,0
1.5767808452671166,-0.6372154463249023,-0.8117846781350894,1,2,0
-0.596625464974347,1.2497345590256457,-1.1645195234431056,3,2,0
-0.4185480628196171,1.486536686778333,-0.4747621936150927,1,2,0
-0.2148558277299979,-1.1944153959436603,0.0467726729488042,1,1,0
0.8720750926630687,-0.7042231977963698,0.7044233452586938,0,0,0
-0.8686823225755517,1.522441173481176,1.1417739156253095,2,1,0
-0.4012028613110395,1.52907076772174,-0.0322066427925696,1,1,0
-0.2196213780434657,-1.3218292187270444,0.3030205409819402,0,1,0
1.3802018948365706,-0.507275399209851,1.1470206472613445,0,0,0
0.168035115470461,1.5086237033797902,0.7423821265247021,0,0,0
